{
	"format_version": "1.8.0",
	"animations": {
		"static_idle": {
			"loop": true,
			"bones": {
				"lefthand": {
					"rotation": [108.3949, -30.74097, -137.03831],
					"position": [7.875, -11.25, -4.85],
					"scale": [1, 1.5, 1]
				},
				"righthand": {
					"rotation": [91.56042, 15.99437, -179.56993],
					"position": [-6.75, -13.075, 3.225],
					"scale": [1, 1.5, 1]
				},
				"constraint": {
					"rotation": [0.2, 0.2, 0.2],
					"position": [0.2, 0.2, 0.2]
				}
			}
		},
		"static_bolt_caught": {
			"loop": true,
			"bones": {
				"bolt_group": {
					"position": [0, 0, 4]
				}
			}
		},
		"put_away": {
			"animation_length": 0.7,
			"bones": {
				"lefthand": {
					"rotation": {
						"0.0": [108.3949, -30.74097, -137.03831],
						"0.1": [127.61796, -30.03546, -186.39645],
						"0.2667": [174.8087, -17.01894, -201.10214]
					},
					"position": {
						"0.0": [7.875, -11.25, -4.85],
						"0.1": [8.4425, -11.25, -4.85],
						"0.2667": [8.44, -8.4375, -4.85]
					},
					"scale": [1, 1.5, 1]
				},
				"righthand": {
					"rotation": [91.56042, 15.99437, -179.56993],
					"position": [-6.75, -13.075, 3.225],
					"scale": [1, 1.5, 1]
				},
				"root": {
					"rotation": {
						"0.0": {
							"post": [0, 0, 0],
							"lerp_mode": "catmullrom"
						},
						"0.1": {
							"post": [-0.51171, -3.6801, -4.19401],
							"lerp_mode": "catmullrom"
						},
						"0.2333": {
							"post": [4.36882, -11.73179, -10.29382],
							"lerp_mode": "catmullrom"
						},
						"0.3333": {
							"post": [11.60471, -21.56305, -3.66288],
							"lerp_mode": "catmullrom"
						},
						"0.4": {
							"post": [16.97, -33.62, 3.38],
							"lerp_mode": "catmullrom"
						},
						"0.5": {
							"post": [34.73, -44.04, -3.09],
							"lerp_mode": "catmullrom"
						}
					},
					"position": {
						"0.0": {
							"post": [0, 0, 0],
							"lerp_mode": "catmullrom"
						},
						"0.1": {
							"post": [0, -0.49, -0.02],
							"lerp_mode": "catmullrom"
						},
						"0.2333": {
							"post": [-0.52, -1.47, -0.56],
							"lerp_mode": "catmullrom"
						},
						"0.3333": {
							"post": [-0.36, -2.92, -0.84],
							"lerp_mode": "catmullrom"
						},
						"0.4": {
							"post": [0.13, -5.86, -0.16],
							"lerp_mode": "catmullrom"
						},
						"0.5": {
							"post": [1.72, -13.2425, 0.16],
							"lerp_mode": "catmullrom"
						},
						"0.6": {
							"post": [1.72, -18.865, 0.16],
							"lerp_mode": "catmullrom"
						}
					}
				},
				"camera": {
					"rotation": {
						"0.0": {
							"post": [0, 0, 0],
							"lerp_mode": "catmullrom"
						},
						"0.1333": {
							"post": [0.35, 0.025, -0.225],
							"lerp_mode": "catmullrom"
						},
						"0.3": {
							"post": [0.1, 0.025, 0.075],
							"lerp_mode": "catmullrom"
						},
						"0.4333": {
							"post": [0, 0, 0],
							"lerp_mode": "catmullrom"
						}
					}
				}
			}
		},
		"draw": {
			"animation_length": 0.7667,
			"bones": {
				"lefthand": {
					"rotation": [108.3949, -30.74097, -137.03831],
					"position": [7.875, -11.25, -4.85],
					"scale": [1, 1.5, 1]
				},
				"righthand": {
					"rotation": [91.56042, 15.99437, -179.56993],
					"position": [-6.75, -13.075, 3.225],
					"scale": [1, 1.5, 1]
				},
				"root": {
					"rotation": {
						"0.0": {
							"post": [32.5, -51.75, 0],
							"lerp_mode": "catmullrom"
						},
						"0.1": {
							"post": [8.11282, -35.33927, 20.62746],
							"lerp_mode": "catmullrom"
						},
						"0.2": {
							"post": [-1.99121, -9.61253, 11.33917],
							"lerp_mode": "catmullrom"
						},
						"0.3333": {
							"post": [0.00023, -0.51527, -0.58314],
							"lerp_mode": "catmullrom"
						},
						"0.5": {
							"post": [0.24895, -0.05452, 0.25058],
							"lerp_mode": "catmullrom"
						},
						"0.6": {
							"post": [-0.5, 0, 0],
							"lerp_mode": "catmullrom"
						},
						"0.7333": {
							"post": [0, 0, 0],
							"lerp_mode": "catmullrom"
						}
					},
					"position": {
						"0.0": {
							"post": [-3.40625, -8.28125, 7],
							"lerp_mode": "catmullrom"
						},
						"0.1667": {
							"post": [-0.2625, -1.84, -1.5025],
							"lerp_mode": "catmullrom"
						},
						"0.3": {
							"post": [0, 0.075, 0.45],
							"lerp_mode": "catmullrom"
						},
						"0.5": {
							"post": [0, -0.125, -0.26875],
							"lerp_mode": "catmullrom"
						},
						"0.6": {
							"post": [0, 0, 0.03125],
							"lerp_mode": "catmullrom"
						},
						"0.7333": {
							"post": [0, 0, 0],
							"lerp_mode": "catmullrom"
						}
					}
				},
				"camera": {
					"rotation": {
						"0.0": {
							"post": [0, 0, 0],
							"lerp_mode": "catmullrom"
						},
						"0.1667": {
							"post": [0.45, -0.175, 0.6],
							"lerp_mode": "catmullrom"
						},
						"0.4333": {
							"post": [-0.1, 0.05, -0.175],
							"lerp_mode": "catmullrom"
						},
						"0.5667": {
							"post": [0.05, 0, 0.05],
							"lerp_mode": "catmullrom"
						},
						"0.7333": {
							"post": [0, 0, 0],
							"lerp_mode": "catmullrom"
						}
					}
				}
			}
		},
		"inspect": {
			"animation_length": 4.9667,
			"bones": {
				"lefthand": {
					"rotation": {
						"0.0": [108.3949, -30.74097, -137.03831],
						"4.4": [108.3949, -30.74097, -137.03831]
					},
					"position": {
						"0.0": [7.875, -11.25, -4.85],
						"0.0667": [9.4425, -14.25, -4.85],
						"0.1667": [9.44, -29.1875, 5.15],
						"0.3333": [9.44, -52.19, 24.15],
						"4.2": [9.44, -52.19, 24.15],
						"4.2667": [9.44, -29.1875, 5.15],
						"4.3333": [9.4425, -14.25, -4.85],
						"4.4": [7.875, -11.25, -4.85]
					},
					"scale": {
						"0.0": [1, 1.5, 1],
						"1.0667": [0, 0, 0],
						"4.0": [0, 0, 0],
						"4.0333": [1, 1.5, 1]
					}
				},
				"righthand": {
					"rotation": [91.56042, 15.99437, -179.56993],
					"position": [-6.75, -13.075, 3.225],
					"scale": [1, 1.5, 1]
				},
				"root": {
					"rotation": {
						"0.0": [0, 0, 0],
						"0.1333": {
							"pre": [-19.24933, -8.31325, -24.61201],
							"post": [-19.24933, -8.31325, -24.61201],
							"lerp_mode": "catmullrom"
						},
						"0.3333": {
							"post": [-13.99512, -46.55857, -55.52602],
							"lerp_mode": "catmullrom"
						},
						"0.4": {
							"post": [-4.50184, -49.21291, -70.92316],
							"lerp_mode": "catmullrom"
						},
						"0.4667": {
							"post": [-11.83402, -47.37809, -59.11913],
							"lerp_mode": "catmullrom"
						},
						"0.6": {
							"post": [-8.6496, -48.34002, -64.28159],
							"lerp_mode": "catmullrom"
						},
						"0.7333": {
							"post": [-11.55152, -47.42905, -59.14176],
							"lerp_mode": "catmullrom"
						},
						"0.9333": {
							"post": [-10.88813, -47.62105, -59.66596],
							"lerp_mode": "catmullrom"
						},
						"1.0333": {
							"post": [-12.55668, -47.1192, -56.92491],
							"lerp_mode": "catmullrom"
						},
						"1.1667": {
							"post": [-12.3365, -47.97527, -57.28081],
							"lerp_mode": "catmullrom"
						},
						"1.3333": {
							"post": [-10.73323, -48.44133, -59.09453],
							"lerp_mode": "catmullrom"
						},
						"1.5": {
							"post": [-10.06163, -48.47863, -60.74489],
							"lerp_mode": "catmullrom"
						},
						"1.5333": {
							"post": [-8.49626, -48.90405, -63.24872],
							"lerp_mode": "catmullrom"
						},
						"1.6333": {
							"post": [-4.68955, -50.30196, -69.49986],
							"lerp_mode": "catmullrom"
						},
						"1.6667": {
							"post": [-6.53939, -50.01605, -66.65499],
							"lerp_mode": "catmullrom"
						},
						"1.7": {
							"post": [-5.52713, -50.16091, -68.20309],
							"lerp_mode": "catmullrom"
						},
						"1.9333": {
							"post": [-4.67861, -50.30201, -69.51561],
							"lerp_mode": "catmullrom"
						},
						"2.1333": {
							"post": [-5.52713, -50.16091, -68.20309],
							"lerp_mode": "catmullrom"
						},
						"2.2667": {
							"post": [-22.63999, -33.74685, -39.74527],
							"lerp_mode": "catmullrom"
						},
						"2.3667": {
							"post": [-30.4146, -16.63887, -10.32827],
							"lerp_mode": "catmullrom"
						},
						"2.5": {
							"post": [-33.99206, -1.09683, 19.37108],
							"lerp_mode": "catmullrom"
						},
						"2.6": {
							"post": [-15.55896, 24.81624, 92.63261],
							"lerp_mode": "catmullrom"
						},
						"2.6667": {
							"post": [-15.38002, 25.34203, 88.12114],
							"lerp_mode": "catmullrom"
						},
						"2.7667": {
							"post": [-17.55944, 23.89482, 82.80242],
							"lerp_mode": "catmullrom"
						},
						"2.8667": {
							"post": [-18.95437, 22.35245, 80.77632],
							"lerp_mode": "catmullrom"
						},
						"3.0667": {
							"post": [-17.93424, 23.12518, 83.56112],
							"lerp_mode": "catmullrom"
						},
						"3.2": {
							"post": [-17.85243, 23.20776, 83.77289],
							"lerp_mode": "catmullrom"
						},
						"3.3667": {
							"post": [-18.26888, 22.88921, 82.65209],
							"lerp_mode": "catmullrom"
						},
						"3.5": {
							"post": [-15.29369, 24.91498, 89.98468],
							"lerp_mode": "catmullrom"
						},
						"3.6": {
							"post": [-14.06805, 28.48652, 95.24225],
							"lerp_mode": "catmullrom"
						},
						"3.7": {
							"post": [-17.80159, 27.72772, 88.40788],
							"lerp_mode": "catmullrom"
						},
						"3.8333": {
							"post": [-15.64702, 28.89285, 92.80622],
							"lerp_mode": "catmullrom"
						},
						"3.9333": {
							"post": [-16.91381, 28.24986, 90.29943],
							"lerp_mode": "catmullrom"
						},
						"4.1": {
							"post": [-26.05163, 15.4019, 58.57172],
							"lerp_mode": "catmullrom"
						},
						"4.2333": {
							"post": [-15.21119, -3.61636, 31.54509],
							"lerp_mode": "catmullrom"
						},
						"4.3667": {
							"post": [0, 0, 0],
							"lerp_mode": "catmullrom"
						},
						"4.4667": {
							"post": [0, 0, 2.75],
							"lerp_mode": "catmullrom"
						},
						"4.5333": {
							"post": [0, 0, -1],
							"lerp_mode": "catmullrom"
						},
						"4.6333": {
							"post": [0, 0, 0.5],
							"lerp_mode": "catmullrom"
						},
						"4.7667": {
							"post": [0, 0, 0],
							"lerp_mode": "catmullrom"
						}
					},
					"position": {
						"0.0": [0, 0, 0],
						"0.1": {
							"pre": [0, -1.625, -3.435],
							"post": [0, -1.625, -3.435],
							"lerp_mode": "catmullrom"
						},
						"0.2": {
							"post": [0, 1.685, -5.7775],
							"lerp_mode": "catmullrom"
						},
						"0.2667": {
							"post": [-0.25, 5.19, -3.805],
							"lerp_mode": "catmullrom"
						},
						"0.3333": {
							"post": [-0.25, 5.195, -3.4925],
							"lerp_mode": "catmullrom"
						},
						"0.3667": {
							"post": [-0.25, 4.7375, -3.4925],
							"lerp_mode": "catmullrom"
						},
						"0.4667": {
							"post": [-0.25, 5.3875, -3.43],
							"lerp_mode": "catmullrom"
						},
						"0.5": {
							"post": [-0.25, 5.5525, -3.4325],
							"lerp_mode": "catmullrom"
						},
						"0.6333": {
							"post": [-0.25, 5.705, -3.4325],
							"lerp_mode": "catmullrom"
						},
						"0.8333": {
							"post": [-0.25, 5.71813, -3.4325],
							"lerp_mode": "catmullrom"
						},
						"1.0333": {
							"post": [-0.25, 5.79875, -3.4325],
							"lerp_mode": "catmullrom"
						},
						"1.1667": {
							"post": [-0.25, 5.705, -3.4325],
							"lerp_mode": "catmullrom"
						},
						"1.3667": {
							"post": [-0.25, 5.75188, -3.4325],
							"lerp_mode": "catmullrom"
						},
						"1.5": {
							"post": [-0.25, 5.705, -3.4325],
							"lerp_mode": "catmullrom"
						},
						"1.6333": {
							"post": [-0.25, 5.6575, -3.4325],
							"lerp_mode": "catmullrom"
						},
						"1.7": {
							"post": [-0.25, 5.70188, -3.4325],
							"lerp_mode": "catmullrom"
						},
						"1.9333": {
							"post": [-0.25, 5.7675, -3.4325],
							"lerp_mode": "catmullrom"
						},
						"2.1333": {
							"post": [-0.25, 5.70188, -3.4325],
							"lerp_mode": "catmullrom"
						},
						"2.2667": {
							"post": [-0.16, 4.31, -3.4025],
							"lerp_mode": "catmullrom"
						},
						"2.3667": {
							"post": [0.1875, 4.23625, -4.1825],
							"lerp_mode": "catmullrom"
						},
						"2.5": {
							"post": [1.3975, 3.90125, -3.8375],
							"lerp_mode": "catmullrom"
						},
						"2.6": {
							"post": [0.21, 4.03375, -4.1225],
							"lerp_mode": "catmullrom"
						},
						"2.6667": {
							"post": [0.21, 4.4025, -4.03],
							"lerp_mode": "catmullrom"
						},
						"2.7667": {
							"post": [0.19, 5.19625, -3.18],
							"lerp_mode": "catmullrom"
						},
						"2.8667": {
							"post": [0.19, 5.27438, -3.18],
							"lerp_mode": "catmullrom"
						},
						"3.1": {
							"post": [0.19, 5.47688, -3.08],
							"lerp_mode": "catmullrom"
						},
						"3.4": {
							"post": [0.19, 5.51875, -2.96125],
							"lerp_mode": "catmullrom"
						},
						"3.5": {
							"post": [0.19, 5.97183, -2.96125],
							"lerp_mode": "catmullrom"
						},
						"3.6": {
							"post": [0.19, 6.21688, -2.96],
							"lerp_mode": "catmullrom"
						},
						"3.7": {
							"post": [0.19, 5.87313, -2.96],
							"lerp_mode": "catmullrom"
						},
						"3.8333": {
							"post": [0.19, 6.21688, -2.96],
							"lerp_mode": "catmullrom"
						},
						"3.9333": {
							"post": [0.19, 5.99813, -2.96],
							"lerp_mode": "catmullrom"
						},
						"4.0333": {
							"post": [0.19, 5.06063, -2.96],
							"lerp_mode": "catmullrom"
						},
						"4.1667": {
							"post": [0.19, 1.24813, -0.46],
							"lerp_mode": "catmullrom"
						},
						"4.3333": {
							"post": [0.175, -1.35, -3.95],
							"lerp_mode": "catmullrom"
						},
						"4.4333": {
							"post": [0, -0.125, 0.65],
							"lerp_mode": "catmullrom"
						},
						"4.5333": {
							"post": [0, -0.05, -0.225],
							"lerp_mode": "catmullrom"
						},
						"4.6667": {
							"post": [0, 0, 0],
							"lerp_mode": "catmullrom"
						}
					}
				},
				"camera": {
					"rotation": {
						"0.0": {
							"post": [0, 0, 0],
							"lerp_mode": "catmullrom"
						},
						"0.1": {
							"post": [0.49018, 0, -0.95318],
							"lerp_mode": "catmullrom"
						},
						"0.3": {
							"post": [1.54237, 0, 1.05382],
							"lerp_mode": "catmullrom"
						},
						"0.3667": {
							"post": [1.04237, 0, 1.05382],
							"lerp_mode": "catmullrom"
						},
						"0.4667": {
							"post": [2.51695, 0, -1.24331],
							"lerp_mode": "catmullrom"
						},
						"0.6": {
							"post": [3.51695, 0, -1.24331],
							"lerp_mode": "catmullrom"
						},
						"0.8": {
							"post": [3.62913, 0, -0.60709],
							"lerp_mode": "catmullrom"
						},
						"1.3333": {
							"post": [2.72596, 0, -1.24374],
							"lerp_mode": "catmullrom"
						},
						"1.5333": {
							"post": [2.22596, 0, -1.24374],
							"lerp_mode": "catmullrom"
						},
						"1.6667": {
							"post": [2.18464, 0, -2.7443],
							"lerp_mode": "catmullrom"
						},
						"1.8333": {
							"post": [2.2122, 0, -1.74392],
							"lerp_mode": "catmullrom"
						},
						"2.0": {
							"post": [2.22596, 0, -1.24374],
							"lerp_mode": "catmullrom"
						},
						"2.2": {
							"post": [3.00342, 0, -0.24336],
							"lerp_mode": "catmullrom"
						},
						"2.4333": {
							"post": [4.89875, 0, 3.75619],
							"lerp_mode": "catmullrom"
						},
						"2.5667": {
							"post": [4.89875, 0, 2.25619],
							"lerp_mode": "catmullrom"
						},
						"2.6333": {
							"post": [4.87561, 0, -0.46026],
							"lerp_mode": "catmullrom"
						},
						"2.7": {
							"post": [4.94119, 0, 2.16193],
							"lerp_mode": "catmullrom"
						},
						"2.8667": {
							"post": [3.66849, 0, 1.00459],
							"lerp_mode": "catmullrom"
						},
						"3.3667": {
							"post": [3.61531, 0, -0.68099],
							"lerp_mode": "catmullrom"
						},
						"3.4667": {
							"post": [3.68134, 0, 0.45728],
							"lerp_mode": "catmullrom"
						},
						"3.5333": {
							"post": [3.68768, 0, 0.70706],
							"lerp_mode": "catmullrom"
						},
						"3.6333": {
							"post": [3.66849, 0, -0.04229],
							"lerp_mode": "catmullrom"
						},
						"3.8667": {
							"post": [3.68134, 0, 0.45728],
							"lerp_mode": "catmullrom"
						},
						"4.1667": {
							"post": [5.26465, 0, 0.9977],
							"lerp_mode": "catmullrom"
						},
						"4.3": {
							"post": [1.75, 0.2, 0.225],
							"lerp_mode": "catmullrom"
						},
						"4.4333": {
							"post": [0.4, 0, -0.225],
							"lerp_mode": "catmullrom"
						},
						"4.4667": {
							"post": [-0.04, -0.01, 0.44],
							"lerp_mode": "catmullrom"
						},
						"4.5": {
							"post": [-0.175, 0, -0.275],
							"lerp_mode": "catmullrom"
						},
						"4.5667": {
							"post": [0.15, 0, 0.3],
							"lerp_mode": "catmullrom"
						},
						"4.6667": {
							"post": [0, 0, 0],
							"lerp_mode": "catmullrom"
						}
					}
				}
			},
			"sound_effects": {
				"0.0": {
					"effect": "tacz:qbz_95/qbz_95_inspect_fast_up"
				},
				"1.3667": {
					"effect": "tacz:qbz_95/qbz_95_inspect_mid"
				},
				"2.1333": {
					"effect": "tacz:qbz_95/qbz_95_inspect_quick"
				},
				"3.4": {
					"effect": "tacz:qbz_95/qbz_95_inspect_mid"
				},
				"4.0333": {
					"effect": "tacz:qbz_95/qbz_95_inspect_drop"
				}
			}
		},
		"reload_empty": {
			"animation_length": 2.9,
			"bones": {
				"lefthand": {
					"rotation": {
						"0.0": [108.3949, -30.74097, -137.03831],
						"0.1": [126.43266, -16.08123, -193.89133],
						"0.1667": [126.43266, -16.08123, -193.89133],
						"0.4": [126.43, -16.08, -193.89],
						"0.5667": [92.09017, -20.35303, -205.22877],
						"1.8333": [92.09017, -20.35303, -205.22877],
						"2.0667": [102.24802, -23.14586, -194.88731],
						"2.1667": [102.24802, -23.14586, -194.88731],
						"2.2": [98.53826, -27.50514, -183.54618],
						"2.2333": [96.11014, -20.8502, -205.28553],
						"2.4": [124.77608, -8.67979, -196.1966],
						"2.4667": [108.3949, -30.74097, -137.03831]
					},
					"position": {
						"0.0": [7.875, -11.25, -4.85],
						"0.0667": [8.77, -9.795, -0.295],
						"0.1": [7.945, -8.275, 2.7],
						"0.1667": [7.945, -8.275, 2.7],
						"0.2": [7.95, -8.28, 4.575],
						"0.4": [7.95, -8.28, 4.575],
						"0.5667": [8.3, -7.505, 4.72],
						"1.8333": [8.3, -7.505, 4.72],
						"2.1667": [8.3, -7.505, 4.72],
						"2.2": [12.70434, -8.22102, 1.81182],
						"2.3": [11.36517, -11.63468, 3.30337],
						"2.4": [9.21416, -11.92346, -0.71199],
						"2.4667": [7.875, -11.25, -4.85]
					},
					"scale": [1, 1.5, 1]
				},
				"righthand": {
					"rotation": {
						"0.0": [91.56042, 15.99437, -179.56993],
						"0.3667": [91.56, 15.99, -179.57],
						"0.4333": {
							"pre": [88.84293, 30.00938, -184.90819],
							"post": [88.84293, 30.00938, -184.90819],
							"lerp_mode": "catmullrom"
						},
						"0.5333": {
							"post": [91.56, 15.99, -179.57],
							"lerp_mode": "catmullrom"
						},
						"0.7": {
							"post": [83.12529, -66.27317, -177.13611],
							"lerp_mode": "catmullrom"
						},
						"0.7667": [5.20224, -78.95547, -95.08018],
						"0.8667": [5.20224, -78.95547, -95.08018],
						"0.9333": {
							"pre": [56.92919, -40.96729, -116.75733],
							"post": [56.92919, -40.96729, -116.75733],
							"lerp_mode": "catmullrom"
						},
						"1.0333": {
							"post": [43.7959, -8.66638, -96.29588],
							"lerp_mode": "catmullrom"
						},
						"1.1333": [43.7959, -8.66638, -96.29588],
						"1.2667": {"pre": [43.7959, -8.6664, -96.2959], "post": [61.05548, 5.74328, -348.65773]},
						"1.6667": [78.50456, 8.29238, -336.84176],
						"1.8333": [61.05548, 5.74328, -348.65773],
						"1.9667": {
							"pre": [118.98016, -8.87245, -198.94105],
							"post": [118.98016, -8.87245, -198.94105],
							"lerp_mode": "catmullrom"
						},
						"2.1": {
							"post": [91.56042, 15.99437, -179.56993],
							"lerp_mode": "catmullrom"
						}
					},
					"position": {
						"0.0": [-6.75, -13.075, 3.225],
						"0.3667": [-6.75, -13.07, 3.22],
						"0.4333": {
							"pre": [-8.94129, -14.52377, 4.39353],
							"post": [-8.94129, -14.52377, 4.39353],
							"lerp_mode": "catmullrom"
						},
						"0.5333": {
							"post": [-6.31267, -22.29108, 12.19119],
							"lerp_mode": "catmullrom"
						},
						"0.5667": {
							"post": [-1.968, -19.03997, 13.27516],
							"lerp_mode": "catmullrom"
						},
						"0.6333": {
							"post": [-4.01603, -14.78975, 14.44805],
							"lerp_mode": "catmullrom"
						},
						"0.7": {
							"post": [-6.75, -13.345, 15.32],
							"lerp_mode": "catmullrom"
						},
						"0.7667": [-6.75, -13.07, 14.97],
						"0.8667": [-6.75, -13.07, 14.97],
						"0.9333": {
							"pre": [-6.82249, -15.79675, 11.03422],
							"post": [-6.82249, -15.79675, 11.03422],
							"lerp_mode": "catmullrom"
						},
						"1.0333": {
							"post": [0.28356, -22.02532, 9.72349],
							"lerp_mode": "catmullrom"
						},
						"1.1333": [9.92158, -22.72876, 11.14012],
						"1.2667": {"pre": [9.92158, -22.72876, 11.14012], "post": [-3.8, -15.275, 8.775]},
						"1.6667": [-3.50014, -14.94831, 8.87301],
						"1.8333": [-3.8, -15.275, 8.775],
						"1.9": {
							"pre": [-2.97095, -16.40095, 11.58951],
							"post": [-2.97095, -16.40095, 11.58951],
							"lerp_mode": "catmullrom"
						},
						"1.9667": {
							"post": [-7.68252, -17.25259, 10.76643],
							"lerp_mode": "catmullrom"
						},
						"2.1": [-6.75, -13.075, 3.225]
					},
					"scale": [1, 1.5, 1]
				},
				"bolt_group": {
					"position": {
						"0.0": [0, 0, 4],
						"0.1667": [0, 0, 4],
						"0.2": [0, 0, 5.55],
						"2.1667": [0, 0, 5.55],
						"2.2": [0, 0, 0]
					}
				},
				"mag_and_bullet": {
					"scale": {
						"0.0": [0, 0, 0],
						"1.3": {"pre": [0, 0, 0], "post": [1, 1, 1]}
					}
				},
				"mag_and_hand": {
					"rotation": {
						"1.1333": [0, 0, 0],
						"1.2667": [0, 0, 0],
						"1.3667": [12.98132, 5.89629, 142.88163],
						"1.4667": [-4.90664, 5.58581, -0.04202],
						"1.5667": [-11.50198, 7.44605, 3.5223],
						"1.7": [-11.50198, 7.44605, 3.5223],
						"1.7333": [0, 0, 0]
					},
					"position": {
						"1.1333": [0, 0, 0],
						"1.2667": {"pre": [0, 0, 0], "post": [11.26616, -5.19539, 21.51087]},
						"1.3667": [9.327, -7.58696, 7.30349],
						"1.4667": [-0.65457, -2.20451, -0.71259],
						"1.5667": [-0.55, -0.925, -1],
						"1.7": [-0.55, -0.925, -1],
						"1.7333": [0, 0, 0]
					}
				},
				"root": {
					"rotation": {
						"0.0": {
							"post": [0, 0, 0],
							"lerp_mode": "catmullrom"
						},
						"0.0667": {
							"post": [-2.33243, -0.59367, 0.65562],
							"lerp_mode": "catmullrom"
						},
						"0.1667": {
							"post": [-6.86454, 1.82154, 16.83317],
							"lerp_mode": "catmullrom"
						},
						"0.2667": {
							"post": [-6.56789, 4.43499, 27.60283],
							"lerp_mode": "catmullrom"
						},
						"0.4": {
							"post": [-6.46506, -1.33639, 32.28493],
							"lerp_mode": "catmullrom"
						},
						"0.4667": {
							"post": [-18.65263, -0.7624, 55.88882],
							"lerp_mode": "catmullrom"
						},
						"0.5667": {
							"post": [-18.14756, 17.83277, 98.45043],
							"lerp_mode": "catmullrom"
						},
						"0.7": {
							"post": [-16.7073, 18.36615, 102.03117],
							"lerp_mode": "catmullrom"
						},
						"0.8": {
							"post": [-17.71103, 16.88342, 97.15031],
							"lerp_mode": "catmullrom"
						},
						"0.8667": {
							"post": [-22.89551, 13.53587, 79.97405],
							"lerp_mode": "catmullrom"
						},
						"1.0": {
							"post": [-18.71349, 16.09508, 89.79025],
							"lerp_mode": "catmullrom"
						},
						"1.2": {
							"post": [-21.15558, 14.82625, 82.16268],
							"lerp_mode": "catmullrom"
						},
						"1.4": {
							"post": [-21.00713, 16.6567, 82.75556],
							"lerp_mode": "catmullrom"
						},
						"1.5667": {
							"post": [-18.08035, 18.99387, 97.40593],
							"lerp_mode": "catmullrom"
						},
						"1.7": {
							"post": [-19.21999, 18.63796, 97.59858],
							"lerp_mode": "catmullrom"
						},
						"1.7333": {
							"post": [-19.29629, 18.11632, 93.18109],
							"lerp_mode": "catmullrom"
						},
						"1.8": {
							"post": [-18.45367, 18.39759, 96.70804],
							"lerp_mode": "catmullrom"
						},
						"1.8333": {
							"post": [-15.66896, 17.03246, 100.81913],
							"lerp_mode": "catmullrom"
						},
						"2.1": {
							"post": [-15.14, 0.05, 61.32],
							"lerp_mode": "catmullrom"
						},
						"2.1667": {
							"post": [-15.1, -0.65, 58.85],
							"lerp_mode": "catmullrom"
						},
						"2.2": {
							"post": [-12.25581, 2.46154, 66.00329],
							"lerp_mode": "catmullrom"
						},
						"2.2667": {
							"post": [-11.07, -1.35, 56.38],
							"lerp_mode": "catmullrom"
						},
						"2.3333": {
							"post": [-10.5, -2.26, 39.05],
							"lerp_mode": "catmullrom"
						},
						"2.4": {
							"post": [-1.36144, -4.07981, 4.37724],
							"lerp_mode": "catmullrom"
						},
						"2.5": {
							"post": [0, 0, 0],
							"lerp_mode": "catmullrom"
						},
						"2.6": {
							"post": [0, 0, 2.75],
							"lerp_mode": "catmullrom"
						},
						"2.6667": {
							"post": [0, 0, -1],
							"lerp_mode": "catmullrom"
						},
						"2.7667": {
							"post": [0, 0, 0.5],
							"lerp_mode": "catmullrom"
						},
						"2.9": {
							"post": [0, 0, 0],
							"lerp_mode": "catmullrom"
						}
					},
					"position": {
						"0.0": {
							"post": [0, 0, 0],
							"lerp_mode": "catmullrom"
						},
						"0.0667": {
							"post": [0.15, -0.4, -0.71],
							"lerp_mode": "catmullrom"
						},
						"0.1667": {
							"post": [0.3, 0, -0.725],
							"lerp_mode": "catmullrom"
						},
						"0.3667": {
							"post": [0.3, -0.1, -1.045],
							"lerp_mode": "catmullrom"
						},
						"0.4667": {
							"post": [1.66, 0.99, -2.07],
							"lerp_mode": "catmullrom"
						},
						"0.5667": {
							"post": [3.025, 3.64375, -1.82],
							"lerp_mode": "catmullrom"
						},
						"0.7": {
							"post": [3.13, 3.76375, -1.82],
							"lerp_mode": "catmullrom"
						},
						"0.8": {
							"post": [3.13, 3.76875, -1.82],
							"lerp_mode": "catmullrom"
						},
						"0.8667": {
							"post": [3.605, 3.55, -1.72],
							"lerp_mode": "catmullrom"
						},
						"1.0": {
							"post": [3.295, 3.48125, -1.82],
							"lerp_mode": "catmullrom"
						},
						"1.2": {
							"post": [3.35125, 3.9075, -1.82],
							"lerp_mode": "catmullrom"
						},
						"1.4": {
							"post": [3.31, 3.805, -1.82],
							"lerp_mode": "catmullrom"
						},
						"1.5667": {
							"post": [3.45375, 3.88125, -1.9325],
							"lerp_mode": "catmullrom"
						},
						"1.7": {
							"post": [3.52125, 4.00625, -2.035],
							"lerp_mode": "catmullrom"
						},
						"1.8333": {
							"post": [3.23, 2.84375, -2.42],
							"lerp_mode": "catmullrom"
						},
						"1.9667": {
							"post": [2.385, 2.53875, -2.25],
							"lerp_mode": "catmullrom"
						},
						"2.1667": {
							"post": [2.24625, 1.6125, -1.835],
							"lerp_mode": "catmullrom"
						},
						"2.2": {
							"post": [2.03, 1.45, -3.07],
							"lerp_mode": "catmullrom"
						},
						"2.2333": {
							"post": [1.72, 0.84, -2.65],
							"lerp_mode": "catmullrom"
						},
						"2.3333": {
							"post": [1.405, 0.23, -2.22],
							"lerp_mode": "catmullrom"
						},
						"2.4667": {
							"post": [0.175, -1.35, -3.95],
							"lerp_mode": "catmullrom"
						},
						"2.5667": {
							"post": [0, -0.125, 0.65],
							"lerp_mode": "catmullrom"
						},
						"2.6667": {
							"post": [0, -0.05, -0.225],
							"lerp_mode": "catmullrom"
						},
						"2.8": {
							"post": [0, 0, 0],
							"lerp_mode": "catmullrom"
						}
					}
				},
				"additional_magazine": {
					"rotation": {
						"0.8": [0, 0, 0],
						"0.8667": [-22.6862, -3.89049, -9.21927],
						"1.1333": [-330.15081, -4.29749, 125.1813],
						"1.2": [-422.03, -4.3, 125.18],
						"1.4": {"pre": [-452.65081, -4.29749, 125.1813], "post": [0, 0, 0]}
					},
					"position": {
						"0.8": [0, 0, 0],
						"0.8667": [0.57972, -0.82981, -1.44766],
						"0.9667": {
							"pre": [1.3066, -8.21234, -6.40912],
							"post": [1.3066, -8.21234, -6.40912],
							"lerp_mode": "catmullrom"
						},
						"1.0667": {
							"post": [9.04536, -16.44852, -11.27602],
							"lerp_mode": "catmullrom"
						},
						"1.1667": {
							"post": [27.88292, -27.65412, -13.33044],
							"lerp_mode": "catmullrom"
						},
						"1.2333": {
							"post": [44.64075, -32.95604, -10.57879],
							"lerp_mode": "catmullrom"
						},
						"1.4": {"pre": [44.54634, -33.37406, -10.43834], "post": [0, 0, 0]}
					},
					"scale": {
						"1.2333": [1, 1, 1],
						"1.2667": {"pre": [1, 1, 1], "post": [0, 0, 0]}
					}
				},
				"magrelease": {
					"rotation": {
						"0.7667": [0, 0, 0],
						"0.8333": [-22.5, 0, 0],
						"0.9333": [-22.5, 0, 0],
						"1.0": [0, 0, 0],
						"1.7": [0, 0, 0],
						"1.7333": [-22.5, 0, 0],
						"1.7667": [-22.5, 0, 0],
						"1.8": [0, 0, 0]
					}
				},
				"camera": {
					"rotation": {
						"0.0": {
							"post": [0, 0, 0],
							"lerp_mode": "catmullrom"
						},
						"0.2": {
							"post": [2.125, -0.25, 0],
							"lerp_mode": "catmullrom"
						},
						"0.2333": {
							"post": [2.545, -0.32, 1.05],
							"lerp_mode": "catmullrom"
						},
						"0.3": {
							"post": [1.925, -0.25, -0.7],
							"lerp_mode": "catmullrom"
						},
						"0.3667": {
							"post": [2.27, 0.06, 0.225],
							"lerp_mode": "catmullrom"
						},
						"0.5667": {
							"post": [3.405, 1.025, 0],
							"lerp_mode": "catmullrom"
						},
						"0.7333": {
							"post": [3.55, 1.09, -0.01],
							"lerp_mode": "catmullrom"
						},
						"0.8333": {
							"post": [3.25, 1.025, 0],
							"lerp_mode": "catmullrom"
						},
						"0.8667": {
							"post": [3.32, 0.97, 1.325],
							"lerp_mode": "catmullrom"
						},
						"0.9333": {
							"post": [1.11, 0.83, -0.915],
							"lerp_mode": "catmullrom"
						},
						"1.0": {
							"post": [0.54, 0.76, 0.505],
							"lerp_mode": "catmullrom"
						},
						"1.1": {
							"post": [0.73, 0.73, -0.365],
							"lerp_mode": "catmullrom"
						},
						"1.2": {
							"post": [0.99, 0.72, -0.02],
							"lerp_mode": "catmullrom"
						},
						"1.3333": {
							"post": [1.4, 0.75, 0],
							"lerp_mode": "catmullrom"
						},
						"1.5333": {
							"post": [3.55, 1.125, 0],
							"lerp_mode": "catmullrom"
						},
						"1.5667": {
							"post": [3.63, 1.15, 0.305],
							"lerp_mode": "catmullrom"
						},
						"1.6333": {
							"post": [3.4, 1.14, -0.235],
							"lerp_mode": "catmullrom"
						},
						"1.7": {
							"post": [3.235, 1.125, 0],
							"lerp_mode": "catmullrom"
						},
						"1.7333": {
							"post": [4.235, 1.14, 1.3],
							"lerp_mode": "catmullrom"
						},
						"1.8": {
							"post": [4.4, 1.12, -1.05],
							"lerp_mode": "catmullrom"
						},
						"1.8667": {
							"post": [4.53, 1.11, 0.6],
							"lerp_mode": "catmullrom"
						},
						"1.9333": {
							"post": [4.32, 0.95, 0],
							"lerp_mode": "catmullrom"
						},
						"2.1667": {
							"post": [1.61, -0.28, 0],
							"lerp_mode": "catmullrom"
						},
						"2.2": {
							"post": [2.13, -0.28, 1.3],
							"lerp_mode": "catmullrom"
						},
						"2.2667": {
							"post": [2.24, -0.27, -0.995],
							"lerp_mode": "catmullrom"
						},
						"2.3333": {
							"post": [1.82, -0.23, 0.555],
							"lerp_mode": "catmullrom"
						},
						"2.4": {
							"post": [0.91, -0.17, -0.01],
							"lerp_mode": "catmullrom"
						},
						"2.5": {
							"post": [-0.45, -0.075, 0],
							"lerp_mode": "catmullrom"
						},
						"2.5667": {
							"post": [-0.04, -0.02, 0],
							"lerp_mode": "catmullrom"
						},
						"2.6": {
							"post": [0.175, 0, 0.675],
							"lerp_mode": "catmullrom"
						},
						"2.7": {
							"post": [-0.15, 0, -0.475],
							"lerp_mode": "catmullrom"
						},
						"2.8": {
							"post": [0.075, 0, 0.225],
							"lerp_mode": "catmullrom"
						},
						"2.9": {
							"post": [0, 0, 0],
							"lerp_mode": "catmullrom"
						}
					}
				},
				"constraint": {
					"position": {
						"0.0": [0, 0, 0],
						"0.2667": [0.1, 0, 0],
						"2.2333": [0.1, 0, 0],
						"2.4667": [0.2, 0.2, 0.2]
					}
				}
			},
			"sound_effects": {
				"0.0333": {
					"effect": "tacz:qbz_95/qbz_95_reload_empty_charge_out"
				},
				"0.3": {
					"effect": "tacz:qbz_95/qbz_95_reload_empty_fast_rotate"
				},
				"0.5667": {
					"effect": "tacz:qbz_95/qbz_95_reload_empty_magout"
				},
				"1.4667": {
					"effect": "tacz:qbz_95/qbz_95_reload_empty_maghit"
				},
				"1.6667": {
					"effect": "tacz:qbz_95/qbz_95_reload_empty_magin"
				},
				"2.1": {
					"effect": "tacz:qbz_95/qbz_95_reload_empty_charge_in"
				},
				"2.3333": {
					"effect": "tacz:qbz_95/qbz_95_reload_empty_end"
				}
			}
		},
		"reload_tactical": {
			"animation_length": 2.4333,
			"bones": {
				"lefthand": {
					"rotation": {
						"0.0": [108.3949, -30.74097, -137.03831],
						"0.1333": [103.13321, -39.25363, -165.36638],
						"0.2333": [95.13321, -39.25363, -165.36638],
						"1.7333": [95.13321, -39.25363, -165.36638],
						"1.9": [108.3949, -30.74097, -137.03831]
					},
					"position": {
						"0.0": [7.875, -11.25, -4.85],
						"0.1333": [7.88, -9.325, -2.675],
						"0.2333": [7.88, -9.325, -2.675],
						"1.7333": [7.88, -9.325, -2.675],
						"1.8": [8.505, -10.565, -3.55],
						"1.9": [7.875, -11.25, -4.85]
					},
					"scale": [1, 1.5, 1]
				},
				"righthand": {
					"rotation": {
						"0.0": [91.56042, 15.99437, -179.56993],
						"0.1333": [91.56042, 15.99437, -179.56993],
						"0.2667": [124.13836, -6.25219, -181.95559],
						"1.4": [124.13836, -6.25219, -181.95559],
						"1.5": [141.81158, -11.77804, -173.51307],
						"1.6": [128.56177, -7.13736, -187.81817],
						"1.7": [128.56177, -7.13736, -187.81817],
						"1.8667": [97.52806, 10.99618, -179.70846],
						"1.9": [91.56042, 15.99437, -179.56993]
					},
					"position": {
						"0.0": [-6.75, -13.075, 3.225],
						"0.1333": [-6.75, -13.075, 3.225],
						"0.1667": [-7.79258, -14.45704, 6.10092],
						"0.2667": [-7.225, -15.445, 9.955],
						"1.4": [-7.225, -15.445, 9.955],
						"1.5": [-6.495, -18.925, 7.8],
						"1.6": [-1.04576, -25.53052, 9.64475],
						"1.7": [2.23741, -24.15395, 18.52823],
						"1.8": [-9.16278, -15.96321, 9.07677],
						"1.8667": [-7.15035, -13.11232, 3.56625],
						"1.9": [-6.75, -13.075, 3.225]
					},
					"scale": [1, 1.5, 1]
				},
				"root": {
					"rotation": {
						"0.0": {
							"post": [0, 0, 0],
							"lerp_mode": "catmullrom"
						},
						"0.1": {
							"post": [-3.58088, -1.11012, 8.39343],
							"lerp_mode": "catmullrom"
						},
						"0.2333": {
							"post": [-22.41815, 0.06755, 35.8959],
							"lerp_mode": "catmullrom"
						},
						"0.3333": {
							"post": [-22.1545, 5.2071, 41.89713],
							"lerp_mode": "catmullrom"
						},
						"0.4333": {
							"post": [-21.97066, 4.10028, 43.16171],
							"lerp_mode": "catmullrom"
						},
						"0.6": {
							"post": [-21.98264, 5.40005, 43.0429],
							"lerp_mode": "catmullrom"
						},
						"0.8": {
							"post": [-21.93, 4.845, 43.675],
							"lerp_mode": "catmullrom"
						},
						"0.8333": {
							"post": [-22.33806, 1.91635, 40.40856],
							"lerp_mode": "catmullrom"
						},
						"0.8667": {
							"post": [-22.22967, 4.69957, 44.13607],
							"lerp_mode": "catmullrom"
						},
						"0.9333": {
							"post": [-22.26192, 3.26842, 39.56666],
							"lerp_mode": "catmullrom"
						},
						"1.0": {
							"post": [-21.73, 6.22, 47.8],
							"lerp_mode": "catmullrom"
						},
						"1.1333": {
							"post": [-20.79974, 13.24195, 69.42308],
							"lerp_mode": "catmullrom"
						},
						"1.2333": {
							"post": [-21.55428, 10.86416, 65.97869],
							"lerp_mode": "catmullrom"
						},
						"1.2667": {
							"post": [-20.65, 12.11, 67.06],
							"lerp_mode": "catmullrom"
						},
						"1.3": {
							"post": [-22.44663, 10.02851, 60.5565],
							"lerp_mode": "catmullrom"
						},
						"1.3333": {
							"post": [-21.41499, 10.81791, 70.26054],
							"lerp_mode": "catmullrom"
						},
						"1.4": {
							"post": [-21.72957, 10.49535, 65.0328],
							"lerp_mode": "catmullrom"
						},
						"1.4667": {
							"post": [-20.9161, 10.66118, 65.8501],
							"lerp_mode": "catmullrom"
						},
						"1.5333": {
							"post": [-20.54631, 10.39172, 64.66483],
							"lerp_mode": "catmullrom"
						},
						"1.6333": {
							"post": [-24.27, 9.06, 61.42],
							"lerp_mode": "catmullrom"
						},
						"1.7": {
							"post": [-25.50965, 8.61157, 60.33583],
							"lerp_mode": "catmullrom"
						},
						"1.7667": {
							"post": [-21.98, 5.31, 50.41],
							"lerp_mode": "catmullrom"
						},
						"1.9": {
							"post": [-7.84252, -7.87194, 10.69866],
							"lerp_mode": "catmullrom"
						},
						"2.0": {
							"post": [-7.01, -6, 1.11],
							"lerp_mode": "catmullrom"
						},
						"2.1": {
							"post": [-2, 0, 0],
							"lerp_mode": "catmullrom"
						},
						"2.1333": {
							"post": [0.00023, -0.51527, -0.58314],
							"lerp_mode": "catmullrom"
						},
						"2.2": {
							"post": [0.2507, -0.0458, -1.7494],
							"lerp_mode": "catmullrom"
						},
						"2.3": {
							"post": [-0.5, 0, 0],
							"lerp_mode": "catmullrom"
						},
						"2.4333": {
							"post": [0, 0, 0],
							"lerp_mode": "catmullrom"
						}
					},
					"position": {
						"0.0": {
							"post": [0, 0, 0],
							"lerp_mode": "catmullrom"
						},
						"0.1": {
							"post": [0.5, -0.62, -0.595],
							"lerp_mode": "catmullrom"
						},
						"0.2333": {
							"post": [2.475, 1.25, -2.95],
							"lerp_mode": "catmullrom"
						},
						"0.3333": {
							"post": [2.85, 1.475, -1.925],
							"lerp_mode": "catmullrom"
						},
						"0.4333": {
							"post": [2.77, 1.13625, -2.17],
							"lerp_mode": "catmullrom"
						},
						"0.6": {
							"post": [2.95, 1.2475, -2.17],
							"lerp_mode": "catmullrom"
						},
						"0.7333": {
							"post": [2.965, 1.73, -2.17],
							"lerp_mode": "catmullrom"
						},
						"0.8": {
							"post": [2.825, 1.48, -2.17],
							"lerp_mode": "catmullrom"
						},
						"0.8667": {
							"post": [2.34375, 1.1675, -2.17],
							"lerp_mode": "catmullrom"
						},
						"0.9667": {
							"post": [2.62, 1.48, -2.17],
							"lerp_mode": "catmullrom"
						},
						"1.0333": {
							"post": [3.49, 2.11125, -2.17],
							"lerp_mode": "catmullrom"
						},
						"1.1333": {
							"post": [3.325, 2.43, -2.17],
							"lerp_mode": "catmullrom"
						},
						"1.2667": {
							"post": [3.075, 2.405, -2.17],
							"lerp_mode": "catmullrom"
						},
						"1.3333": {
							"post": [3.36125, 1.78, -2.17],
							"lerp_mode": "catmullrom"
						},
						"1.4667": {
							"post": [3.06625, 1.8025, -2.17],
							"lerp_mode": "catmullrom"
						},
						"1.6333": {
							"post": [3.28, 2.18, -2.17],
							"lerp_mode": "catmullrom"
						},
						"1.7": {
							"post": [3.325, 2.255, -2.32],
							"lerp_mode": "catmullrom"
						},
						"1.7667": {
							"post": [2.95, 1.58, -2.64],
							"lerp_mode": "catmullrom"
						},
						"1.8333": {
							"post": [2.22, -0.515, -3.19],
							"lerp_mode": "catmullrom"
						},
						"1.9": {
							"post": [1.44, -1.1, -3.66],
							"lerp_mode": "catmullrom"
						},
						"2.0": {
							"post": [0.74, -0.47, -3.32],
							"lerp_mode": "catmullrom"
						},
						"2.1": {
							"post": [0, 0.075, 0.45],
							"lerp_mode": "catmullrom"
						},
						"2.2": {
							"post": [0, -0.125, -0.26875],
							"lerp_mode": "catmullrom"
						},
						"2.3": {
							"post": [0, 0, 0.03125],
							"lerp_mode": "catmullrom"
						},
						"2.4333": {
							"post": [0, 0, 0],
							"lerp_mode": "catmullrom"
						}
					}
				},
				"mag_and_hand": {
					"rotation": {
						"0.0": [0, 0, 0],
						"0.2": [-4.37, 0, 0],
						"0.6": [9, 0, -3],
						"0.6667": [5, 0, -3],
						"0.7333": [6.99941, 0.0914, -3.74441],
						"0.8": [9, 0, -3],
						"0.8333": [-11.5, 0, -2],
						"0.9": [-22.5, 0, 0],
						"1.0": [-22.5, 0, 0],
						"1.1": [-22.5, 0, 0],
						"1.2": [-22.5, 0, 0],
						"1.2667": [-22.5, 0, 0],
						"1.3": [0, 0, 0]
					},
					"position": {
						"0.0": [0, 0, 0],
						"0.2": [-0.01, -0.14, -0.25],
						"0.4667": [1.098, -9.62102, 6.14556],
						"0.6": [-2.39096, 1.52748, 0.67893],
						"0.6667": [-1.76596, 2.35248, 0.67893],
						"0.7333": [-1.8525, 2.29, 0.68],
						"0.8": [-1.86596, 2.22748, 0.67893],
						"0.8333": [-1.54, 0.705, -0.14],
						"0.9": [-1.2, -1.95, -2.375],
						"1.0": [-1.2, -1.95, -2.375],
						"1.1": [-0.05, -0.725, -1.275],
						"1.2": [-0.05, -0.725, -1.275],
						"1.2667": [0, -0.425, -1.3],
						"1.3": [0, 0, 0]
					}
				},
				"mag_and_bullet": {
					"position": [0, 0, 0]
				},
				"additional_magazine": {
					"rotation": {
						"0.6333": [0, 0, 0],
						"0.8": [-2.75, 0, 0],
						"0.8333": [-23.75, 0, 0],
						"0.9": [-32.75, 0, 0],
						"1.0": [-32.75, 0, 0],
						"1.1": [-32.75, 0, 0],
						"1.2": [-32.75, 0, 0],
						"1.2667": [-32.75, 0, 0],
						"1.3": [-13.75, 0, 0],
						"1.4": [-13.75, 0, 0],
						"1.5": [-33.64764, 3.52408, 15.16635],
						"1.7": [-11.19779, -8.03096, -35.21143]
					},
					"position": {
						"0.6333": [0, 0, 0],
						"0.8": [0, -0.1375, -0.13125],
						"0.9": [0, -3.94, -4.105],
						"1.0": [0, -3.94, -4.105],
						"1.1": [1.15, -2.44, -3.18],
						"1.2": [1.15, -2.44, -3.18],
						"1.2667": [1.15, -2.215, -3.225],
						"1.3": [1.15, -1.62, -0.95],
						"1.4": [1.15, -1.62, -0.95],
						"1.5": [1.10021, -5.37281, -2.86518],
						"1.6": [6.67874, -11.88969, -0.72149],
						"1.7": [10.92304, -9.90579, 8.29278]
					},
					"scale": {
						"0.0": [1, 1, 1],
						"1.7": {"pre": [1, 1, 1], "post": [0, 0, 0]}
					}
				},
				"magrelease": {
					"rotation": {
						"0.6667": [0, 0, 0],
						"0.7333": [-22.5, 0, 0],
						"0.8333": [-22.5, 0, 0],
						"0.9": [0, 0, 0],
						"1.2667": [0, 0, 0],
						"1.3": [-22.5, 0, 0],
						"1.3333": [-22.5, 0, 0],
						"1.3667": [0, 0, 0]
					}
				},
				"magazine": {
					"scale": {
						"0.0": [0, 0, 0],
						"0.4": {"pre": [0, 0, 0], "post": [1, 1, 1]}
					}
				},
				"camera": {
					"rotation": {
						"0.0": {
							"post": [0, 0, 0],
							"lerp_mode": "catmullrom"
						},
						"0.1333": {
							"post": [-0.08, 0, 0.125],
							"lerp_mode": "catmullrom"
						},
						"0.3667": {
							"post": [2.65, 0.625, 1.225],
							"lerp_mode": "catmullrom"
						},
						"0.4333": {
							"post": [2.775, 0.66, 0.635],
							"lerp_mode": "catmullrom"
						},
						"0.5333": {
							"post": [3.05, 0.58, 0.95],
							"lerp_mode": "catmullrom"
						},
						"0.6333": {
							"post": [2.175, 0.53, 0.88],
							"lerp_mode": "catmullrom"
						},
						"0.7": {
							"post": [1.89, 0.51, 0.83],
							"lerp_mode": "catmullrom"
						},
						"0.8": {
							"post": [2.32, 0.48, 0.92],
							"lerp_mode": "catmullrom"
						},
						"0.8333": {
							"post": [2.93, 0.46, 2.16],
							"lerp_mode": "catmullrom"
						},
						"0.9": {
							"post": [2.445, 0.5, 0.25],
							"lerp_mode": "catmullrom"
						},
						"0.9667": {
							"post": [2.86, 0.68, 1.555],
							"lerp_mode": "catmullrom"
						},
						"1.0333": {
							"post": [3.43, 0.9, 1.27],
							"lerp_mode": "catmullrom"
						},
						"1.1": {
							"post": [3.995, 1.1, 1.4],
							"lerp_mode": "catmullrom"
						},
						"1.1667": {
							"post": [4.415, 1.11, 1.37],
							"lerp_mode": "catmullrom"
						},
						"1.2667": {
							"post": [4.34, 1.09, 1.45],
							"lerp_mode": "catmullrom"
						},
						"1.3": {
							"post": [3.415, 1.09, 2.595],
							"lerp_mode": "catmullrom"
						},
						"1.3667": {
							"post": [4.135, 1.11, 0.91],
							"lerp_mode": "catmullrom"
						},
						"1.4333": {
							"post": [4.16, 1.12, 1.62],
							"lerp_mode": "catmullrom"
						},
						"1.5": {
							"post": [3.69, 1, 0.985],
							"lerp_mode": "catmullrom"
						},
						"1.6333": {
							"post": [1.79, 0.625, 1.5],
							"lerp_mode": "catmullrom"
						},
						"1.7333": {
							"post": [1.505, 0.63, 0.8],
							"lerp_mode": "catmullrom"
						},
						"1.8333": {
							"post": [1.29, 0.625, 0.85],
							"lerp_mode": "catmullrom"
						},
						"1.9333": {
							"post": [1.75, 0.2, 0.225],
							"lerp_mode": "catmullrom"
						},
						"2.0667": {
							"post": [0.4, 0, -0.225],
							"lerp_mode": "catmullrom"
						},
						"2.1": {
							"post": [-0.04, -0.01, 0.44],
							"lerp_mode": "catmullrom"
						},
						"2.1333": {
							"post": [-0.175, 0, -0.275],
							"lerp_mode": "catmullrom"
						},
						"2.2": {
							"post": [0.15, 0, 0.3],
							"lerp_mode": "catmullrom"
						},
						"2.3": {
							"post": [0, 0, 0],
							"lerp_mode": "catmullrom"
						}
					}
				},
				"constraint": {
					"position": {
						"0.0": [0, 0, 0],
						"0.3333": [0.1, 0, 0],
						"1.6667": [0.1, 0, 0],
						"2.0333": [0.2, 0.2, 0.2]
					}
				}
			},
			"sound_effects": {
				"0.0": {
					"effect": "tacz:qbz_95/qbz_95_reload_raise"
				},
				"0.5": {
					"effect": "tacz:qbz_95/qbz_95_reload_magout"
				},
				"1.2667": {
					"effect": "tacz:qbz_95/qbz_95_reload_magin"
				},
				"1.5333": {
					"effect": "tacz:qbz_95/qbz_95_reload_end"
				}
			}
		},
		"shoot": {
			"animation_length": 0.6333,
			"bones": {
				"root": {
					"rotation": {
						"0.0": [0, 0, 0],
						"0.0333": [1.225, 0, 0.725],
						"0.0667": [-0.595, 0, -1.175],
						"0.1": [-0.72, 0, -1.225],
						"0.1667": [0.18, 0, 0.525],
						"0.2667": [0.45, 0, -0.25],
						"0.3667": [0.225, -0.2, 0.25],
						"0.5": [0.055, -0.075, -0.075],
						"0.6333": [0, 0, 0]
					},
					"position": {
						"0.0": [0, 0, 0],
						"0.0333": [0, -0.025, 1.725],
						"0.0667": [0, -0.05, 1.38],
						"0.1333": [0, -0.05, -0.045],
						"0.2667": [0, -0.025, 0.1],
						"0.3667": [0, 0, 0]
					}
				},
				"bolt": {
					"position": {
						"0.0": [0, 0, 0],
						"0.0333": [0, 0, 5],
						"0.0667": [0, 0, 0]
					}
				},
				"camera": {
					"rotation": {
						"0.0": {
							"post": [0, 0, 0],
							"lerp_mode": "catmullrom"
						},
						"0.0333": {
							"post": [0, 0, 0.6],
							"lerp_mode": "catmullrom"
						},
						"0.0667": {
							"post": [0, 0, -0.4],
							"lerp_mode": "catmullrom"
						},
						"0.1": {
							"post": [0, 0, 0.375],
							"lerp_mode": "catmullrom"
						},
						"0.1667": {
							"post": [0, 0, -0.225],
							"lerp_mode": "catmullrom"
						},
						"0.2333": {
							"post": [0, 0, 0.075],
							"lerp_mode": "catmullrom"
						},
						"0.3": {
							"post": [0, 0, 0],
							"lerp_mode": "catmullrom"
						}
					}
				},
				"constraint": {
					"position": {
						"0.0": [0, 0, 0],
						"0.0333": [0, 0, 0.5],
						"0.2667": [0, 0, 0]
					}
				}
			}
		},
		"inspect_empty": {
			"animation_length": 4.9667,
			"bones": {
				"lefthand": {
					"rotation": {
						"0.0": [108.3949, -30.74097, -137.03831],
						"2.6": [108.3949, -30.74097, -137.03831]
					},
					"position": {
						"0.0": [7.875, -11.25, -4.85],
						"0.0667": [9.4425, -14.25, -4.85],
						"0.1667": [9.44, -29.1875, 5.15],
						"0.3333": [9.44, -52.19, 24.15],
						"2.4": [9.44, -52.19, 24.15],
						"2.4667": [9.44, -29.1875, 5.15],
						"2.5333": [9.4425, -14.25, -4.85],
						"2.6": [7.875, -11.25, -4.85]
					},
					"scale": [1, 1.5, 1]
				},
				"righthand": {
					"rotation": [91.56042, 15.99437, -179.56993],
					"position": [-6.75, -13.075, 3.225],
					"scale": [1, 1.5, 1]
				},
				"root": {
					"rotation": {
						"0.0": [0, 0, 0],
						"0.1333": {
							"pre": [-19.24933, -8.31325, -24.61201],
							"post": [-19.24933, -8.31325, -24.61201],
							"lerp_mode": "catmullrom"
						},
						"0.3333": {
							"post": [-13.99512, -46.55857, -55.52602],
							"lerp_mode": "catmullrom"
						},
						"0.4": {
							"post": [-4.50184, -49.21291, -70.92316],
							"lerp_mode": "catmullrom"
						},
						"0.4667": {
							"post": [-11.83402, -47.37809, -59.11913],
							"lerp_mode": "catmullrom"
						},
						"0.6": {
							"post": [-8.6496, -48.34002, -64.28159],
							"lerp_mode": "catmullrom"
						},
						"0.7333": {
							"post": [-11.55152, -47.42905, -59.14176],
							"lerp_mode": "catmullrom"
						},
						"0.9333": {
							"post": [-10.88813, -47.62105, -59.66596],
							"lerp_mode": "catmullrom"
						},
						"1.0333": {
							"post": [-12.55668, -47.1192, -56.92491],
							"lerp_mode": "catmullrom"
						},
						"1.1667": {
							"post": [-12.3365, -47.97527, -57.28081],
							"lerp_mode": "catmullrom"
						},
						"1.3333": {
							"post": [-10.73323, -48.44133, -59.09453],
							"lerp_mode": "catmullrom"
						},
						"1.5": {
							"post": [-10.06163, -48.47863, -60.74489],
							"lerp_mode": "catmullrom"
						},
						"1.5333": {
							"post": [-8.49626, -48.90405, -63.24872],
							"lerp_mode": "catmullrom"
						},
						"1.6333": {
							"post": [-4.68955, -50.30196, -69.49986],
							"lerp_mode": "catmullrom"
						},
						"1.6667": {
							"post": [-6.53939, -50.01605, -66.65499],
							"lerp_mode": "catmullrom"
						},
						"1.7": {
							"post": [-5.52713, -50.16091, -68.20309],
							"lerp_mode": "catmullrom"
						},
						"1.9333": {
							"post": [-4.67861, -50.30201, -69.51561],
							"lerp_mode": "catmullrom"
						},
						"2.1333": {
							"post": [-5.52713, -50.16091, -68.20309],
							"lerp_mode": "catmullrom"
						},
						"2.2667": {
							"post": [-22.63999, -33.74685, -39.74527],
							"lerp_mode": "catmullrom"
						},
						"2.3667": {
							"post": [-30.4146, -16.63887, -10.32827],
							"lerp_mode": "catmullrom"
						},
						"2.5": {
							"post": [-33.99206, -1.09683, 19.37108],
							"lerp_mode": "catmullrom"
						},
						"2.6": {
							"post": [-15.55896, 24.81624, 92.63261],
							"lerp_mode": "catmullrom"
						},
						"2.6667": {
							"post": [-15.38002, 25.34203, 88.12114],
							"lerp_mode": "catmullrom"
						},
						"2.7667": {
							"post": [-17.55944, 23.89482, 82.80242],
							"lerp_mode": "catmullrom"
						},
						"2.8667": {
							"post": [-18.95437, 22.35245, 80.77632],
							"lerp_mode": "catmullrom"
						},
						"3.0667": {
							"post": [-17.93424, 23.12518, 83.56112],
							"lerp_mode": "catmullrom"
						},
						"3.2": {
							"post": [-17.85243, 23.20776, 83.77289],
							"lerp_mode": "catmullrom"
						},
						"3.3667": {
							"post": [-18.26888, 22.88921, 82.65209],
							"lerp_mode": "catmullrom"
						},
						"3.5": {
							"post": [-15.29369, 24.91498, 89.98468],
							"lerp_mode": "catmullrom"
						},
						"3.6": {
							"post": [-14.06805, 28.48652, 95.24225],
							"lerp_mode": "catmullrom"
						},
						"3.7": {
							"post": [-17.80159, 27.72772, 88.40788],
							"lerp_mode": "catmullrom"
						},
						"3.8333": {
							"post": [-15.64702, 28.89285, 92.80622],
							"lerp_mode": "catmullrom"
						},
						"3.9333": {
							"post": [-16.91381, 28.24986, 90.29943],
							"lerp_mode": "catmullrom"
						},
						"4.1": {
							"post": [-26.05163, 15.4019, 58.57172],
							"lerp_mode": "catmullrom"
						},
						"4.2333": {
							"post": [-15.21119, -3.61636, 31.54509],
							"lerp_mode": "catmullrom"
						},
						"4.3667": {
							"post": [0, 0, 0],
							"lerp_mode": "catmullrom"
						},
						"4.4667": {
							"post": [0, 0, 2.75],
							"lerp_mode": "catmullrom"
						},
						"4.5333": {
							"post": [0, 0, -1],
							"lerp_mode": "catmullrom"
						},
						"4.6333": {
							"post": [0, 0, 0.5],
							"lerp_mode": "catmullrom"
						},
						"4.7667": {
							"post": [0, 0, 0],
							"lerp_mode": "catmullrom"
						}
					},
					"position": {
						"0.0": [0, 0, 0],
						"0.1": {
							"pre": [0, -1.625, -3.435],
							"post": [0, -1.625, -3.435],
							"lerp_mode": "catmullrom"
						},
						"0.2": {
							"post": [0, 1.685, -5.7775],
							"lerp_mode": "catmullrom"
						},
						"0.2667": {
							"post": [-0.25, 5.19, -3.805],
							"lerp_mode": "catmullrom"
						},
						"0.3333": {
							"post": [-0.25, 5.195, -3.4925],
							"lerp_mode": "catmullrom"
						},
						"0.3667": {
							"post": [-0.25, 4.7375, -3.4925],
							"lerp_mode": "catmullrom"
						},
						"0.4667": {
							"post": [-0.25, 5.3875, -3.43],
							"lerp_mode": "catmullrom"
						},
						"0.5": {
							"post": [-0.25, 5.5525, -3.4325],
							"lerp_mode": "catmullrom"
						},
						"0.6333": {
							"post": [-0.25, 5.705, -3.4325],
							"lerp_mode": "catmullrom"
						},
						"0.8333": {
							"post": [-0.25, 5.71813, -3.4325],
							"lerp_mode": "catmullrom"
						},
						"1.0333": {
							"post": [-0.25, 5.79875, -3.4325],
							"lerp_mode": "catmullrom"
						},
						"1.1667": {
							"post": [-0.25, 5.705, -3.4325],
							"lerp_mode": "catmullrom"
						},
						"1.3667": {
							"post": [-0.25, 5.75188, -3.4325],
							"lerp_mode": "catmullrom"
						},
						"1.5": {
							"post": [-0.25, 5.705, -3.4325],
							"lerp_mode": "catmullrom"
						},
						"1.6333": {
							"post": [-0.25, 5.6575, -3.4325],
							"lerp_mode": "catmullrom"
						},
						"1.7": {
							"post": [-0.25, 5.70188, -3.4325],
							"lerp_mode": "catmullrom"
						},
						"1.9333": {
							"post": [-0.25, 5.7675, -3.4325],
							"lerp_mode": "catmullrom"
						},
						"2.1333": {
							"post": [-0.25, 5.70188, -3.4325],
							"lerp_mode": "catmullrom"
						},
						"2.2667": {
							"post": [-0.16, 4.31, -3.4025],
							"lerp_mode": "catmullrom"
						},
						"2.3667": {
							"post": [0.1875, 4.23625, -4.1825],
							"lerp_mode": "catmullrom"
						},
						"2.5": {
							"post": [1.3975, 3.90125, -3.8375],
							"lerp_mode": "catmullrom"
						},
						"2.6": {
							"post": [0.21, 4.03375, -4.1225],
							"lerp_mode": "catmullrom"
						},
						"2.6667": {
							"post": [0.21, 4.4025, -4.03],
							"lerp_mode": "catmullrom"
						},
						"2.7667": {
							"post": [0.19, 5.19625, -3.18],
							"lerp_mode": "catmullrom"
						},
						"2.8667": {
							"post": [0.19, 5.27438, -3.18],
							"lerp_mode": "catmullrom"
						},
						"3.1": {
							"post": [0.19, 5.47688, -3.08],
							"lerp_mode": "catmullrom"
						},
						"3.4": {
							"post": [0.19, 5.51875, -2.96125],
							"lerp_mode": "catmullrom"
						},
						"3.5": {
							"post": [0.19, 5.97183, -2.96125],
							"lerp_mode": "catmullrom"
						},
						"3.6": {
							"post": [0.19, 6.21688, -2.96],
							"lerp_mode": "catmullrom"
						},
						"3.7": {
							"post": [0.19, 5.87313, -2.96],
							"lerp_mode": "catmullrom"
						},
						"3.8333": {
							"post": [0.19, 6.21688, -2.96],
							"lerp_mode": "catmullrom"
						},
						"3.9333": {
							"post": [0.19, 5.99813, -2.96],
							"lerp_mode": "catmullrom"
						},
						"4.0333": {
							"post": [0.19, 5.06063, -2.96],
							"lerp_mode": "catmullrom"
						},
						"4.1667": {
							"post": [0.19, 1.24813, -0.46],
							"lerp_mode": "catmullrom"
						},
						"4.3333": {
							"post": [0.175, -1.35, -3.95],
							"lerp_mode": "catmullrom"
						},
						"4.4333": {
							"post": [0, -0.125, 0.65],
							"lerp_mode": "catmullrom"
						},
						"4.5333": {
							"post": [0, -0.05, -0.225],
							"lerp_mode": "catmullrom"
						},
						"4.6667": {
							"post": [0, 0, 0],
							"lerp_mode": "catmullrom"
						}
					}
				},
				"camera": {
					"rotation": {
						"0.0": {
							"post": [0, 0, 0],
							"lerp_mode": "catmullrom"
						},
						"0.1": {
							"post": [0.49018, 0, -0.95318],
							"lerp_mode": "catmullrom"
						},
						"0.3": {
							"post": [1.54237, 0, 1.05382],
							"lerp_mode": "catmullrom"
						},
						"0.3667": {
							"post": [1.04237, 0, 1.05382],
							"lerp_mode": "catmullrom"
						},
						"0.4667": {
							"post": [2.51695, 0, -1.24331],
							"lerp_mode": "catmullrom"
						},
						"0.6": {
							"post": [3.51695, 0, -1.24331],
							"lerp_mode": "catmullrom"
						},
						"0.8": {
							"post": [3.62913, 0, -0.60709],
							"lerp_mode": "catmullrom"
						},
						"1.3333": {
							"post": [2.72596, 0, -1.24374],
							"lerp_mode": "catmullrom"
						},
						"1.5333": {
							"post": [2.22596, 0, -1.24374],
							"lerp_mode": "catmullrom"
						},
						"1.6667": {
							"post": [2.18464, 0, -2.7443],
							"lerp_mode": "catmullrom"
						},
						"1.8333": {
							"post": [2.2122, 0, -1.74392],
							"lerp_mode": "catmullrom"
						},
						"2.0": {
							"post": [2.22596, 0, -1.24374],
							"lerp_mode": "catmullrom"
						},
						"2.2": {
							"post": [3.00342, 0, -0.24336],
							"lerp_mode": "catmullrom"
						},
						"2.4333": {
							"post": [4.89875, 0, 3.75619],
							"lerp_mode": "catmullrom"
						},
						"2.5667": {
							"post": [4.89875, 0, 2.25619],
							"lerp_mode": "catmullrom"
						},
						"2.6333": {
							"post": [4.87561, 0, -0.46026],
							"lerp_mode": "catmullrom"
						},
						"2.7": {
							"post": [4.94119, 0, 2.16193],
							"lerp_mode": "catmullrom"
						},
						"2.8667": {
							"post": [3.66849, 0, 1.00459],
							"lerp_mode": "catmullrom"
						},
						"3.3667": {
							"post": [3.61531, 0, -0.68099],
							"lerp_mode": "catmullrom"
						},
						"3.4667": {
							"post": [3.68134, 0, 0.45728],
							"lerp_mode": "catmullrom"
						},
						"3.5333": {
							"post": [3.68768, 0, 0.70706],
							"lerp_mode": "catmullrom"
						},
						"3.6333": {
							"post": [3.66849, 0, -0.04229],
							"lerp_mode": "catmullrom"
						},
						"3.8667": {
							"post": [3.68134, 0, 0.45728],
							"lerp_mode": "catmullrom"
						},
						"4.1667": {
							"post": [5.26465, 0, 0.9977],
							"lerp_mode": "catmullrom"
						},
						"4.3": {
							"post": [1.75, 0.2, 0.225],
							"lerp_mode": "catmullrom"
						},
						"4.4333": {
							"post": [0.4, 0, -0.225],
							"lerp_mode": "catmullrom"
						},
						"4.4667": {
							"post": [-0.04, -0.01, 0.44],
							"lerp_mode": "catmullrom"
						},
						"4.5": {
							"post": [-0.175, 0, -0.275],
							"lerp_mode": "catmullrom"
						},
						"4.5667": {
							"post": [0.15, 0, 0.3],
							"lerp_mode": "catmullrom"
						},
						"4.6667": {
							"post": [0, 0, 0],
							"lerp_mode": "catmullrom"
						}
					}
				}
			},
			"sound_effects": {
				"0.0": {
					"effect": "tacz:qbz_95/qbz_95_inspect_fast_up"
				},
				"1.3667": {
					"effect": "tacz:qbz_95/qbz_95_inspect_mid"
				},
				"2.1333": {
					"effect": "tacz:qbz_95/qbz_95_inspect_quick"
				},
				"3.4": {
					"effect": "tacz:qbz_95/qbz_95_inspect_mid"
				},
				"4.0333": {
					"effect": "tacz:qbz_95/qbz_95_inspect_drop"
				}
			}
		}
	}
}