{
  "materials": [
    {
      "item": {
        "tag": "forge:gems/diamond"
      },
      "count": 18
    },
    {
      "item": {
        "tag": "forge:ingots/gold"
      },
      "count": 64
    },
    {
      "item": {
        "tag": "forge:ingots/netherite"
      },
      "count": 3
    },
    {
      "item": {
        "tag": "forge:ingots/iron"
      },
      "count": 320
    },
    {
      "item": {
        "tag": "forge:rods/blaze"
      },
      "count": 5
    }
  ],
  "result": {
    "type": "gun",
    "id": "tacz:m107"
  },
  "type": "tacz:gun_smith_table_crafting"
}