{
  "materials": [
    {
      "item": {
        "tag": "forge:ingots/iron"
      },
      "count": 18
    },
    {
      "item": {
        "tag": "forge:gems/amethyst"
      },
      "count": 8
    },
    {
      "item": {
        "tag": "forge:dusts/glowstone"
      },
      "count": 8
    },
    {
      "item": {
        "tag": "forge:dusts/redstone"
      },
      "count": 8
    }
  ],
  "result": {
    "type": "attachment",
    "id": "tacz:scope_standard_8x"
  },
  "type": "tacz:gun_smith_table_crafting"
}