{
  "materials": [
    {
      "item": {
        "tag": "forge:ingots/iron"
      },
      "count": 36
    },
    {
      "item": {
        "tag": "forge:ingots/gold"
      },
      "count": 16
    },
    {
      "item": {
        "tag": "forge:gems/quartz"
      },
      "count": 8
    },
    {
      "item": {
        "tag": "forge:gems/diamond"
      },
      "count": 5
    }
  ],
  "result": {
    "type": "attachment",
    "id": "tacz:sniper_extended_mag_3"
  },
  "type": "tacz:gun_smith_table_crafting"
}